{"cameraMode":{"drawMode":0,"name":"Shaded","section":"Shading Mode"},"sceneLighting":true,"audioPlay":false,"sceneViewState":{"m_AlwaysRefresh":false,"showFog":true,"showSkybox":true,"showFlares":true,"showImageEffects":true,"showParticleSystems":true,"showVisualEffectGraphs":true,"m_FxEnabled":true},"in2DMode":false,"pivot":{"x":0.03490724787116051,"y":1.9854332208633423,"z":-0.6831014752388},"rotation":{"x":-0.2463681399822235,"y":0.052882514894008639,"z":-0.01346578449010849,"w":-0.9676415324211121},"size":0.06055692955851555,"orthographic":false}